,lat,lon,tsid,label,time
0,-40.293752235777255,-0.4067702613822033,1900024,STOP,2004-07-31 00:08:00
1,-40.28251106817177,-0.3985172429578146,1900024,STOP,2004-07-31 00:16:00
2,-40.27126702389751,-0.390258572863271,1900024,STOP,2004-07-31 00:24:00
3,-40.24999896631878,-0.3742744157350902,1900024,STOP,2004-07-31 00:39:00
4,-40.240016210098275,-0.36650158697014484,1900024,STOP,2004-07-31 00:46:00
5,-40.2300202142658,-0.35874722473393555,1900024,STOP,2004-07-31 00:53:00
6,-40.20927380491944,-0.33873351132371093,1900024,STOP,2004-07-31 01:15:00
7,-40.19853034720949,-0.3264875029816584,1900024,STOP,2004-07-31 01:30:00
8,-40.1877959961251,-0.3142186672084419,1900024,STOP,2004-07-31 01:45:00
9,-40.18349116651891,-0.3050100663151769,1900024,STOP,2004-07-31 02:02:45
10,-40.18999378852889,-0.30798524130600996,1900024,STOP,2004-07-31 02:05:30
11,-40.1964599380643,-0.3111046992485206,1900024,STOP,2004-07-31 02:08:15
12,-40.23246321870586,-0.32653035444511347,1900024,STOP,2004-07-31 02:23:15
13,-40.26175453917006,-0.3397739668547082,1900024,STOP,2004-07-31 02:35:30
14,-40.291316359558586,-0.3520101850671204,1900024,STOP,2004-07-31 02:47:45
15,-40.34445826927933,-0.3760576764138975,1900024,STOP,2004-07-31 03:10:15
16,-40.36796712079466,-0.38797446561696247,1900024,STOP,2004-07-31 03:20:30
17,-40.391421289983235,-0.4001176350496426,1900024,STOP,2004-07-31 03:30:45
18,-40.42626302599711,-0.41766787196907357,1900024,STOP,2004-07-31 03:45:45
19,-40.43751806733532,-0.4233761174407112,1900024,STOP,2004-07-31 03:50:30
20,-40.44871333986388,-0.4293022721926606,1900024,STOP,2004-07-31 03:55:15
21,-40.49543888535395,-0.4523317506529526,1900024,STOP,2004-07-31 04:15:00
22,-40.5308880173499,-0.46967671367187624,1900024,STOP,2004-07-31 04:30:00
23,-40.566385500335855,-0.4869198858967545,1900024,STOP,2004-07-31 04:45:00
24,-40.61367915182957,-0.5099560491190167,1900024,STOP,2004-07-31 05:05:00
25,-40.6254134111306,-0.5157351432228269,1900024,STOP,2004-07-31 05:10:00
26,-40.63717945450509,-0.5214226259297012,1900024,STOP,2004-07-31 05:15:00
27,-40.67431746539706,-0.5358069260463973,1900024,STOP,2004-07-31 05:30:00
28,-40.69956625361318,-0.544989298375644,1900024,STOP,2004-07-31 05:40:00
29,-40.72473178826427,-0.5546177655675734,1900024,STOP,2004-07-31 05:50:00
30,-40.78871017494534,-0.5775143995557009,1900024,STOP,2004-07-31 06:15:00
31,-40.82745431834979,-0.590924025884708,1900024,STOP,2004-07-31 06:30:00
32,-40.86623940915689,-0.6042215826933086,1900024,STOP,2004-07-31 06:45:00
33,-40.92882647875481,-0.6246649930873107,1900024,STOP,2004-07-31 07:09:15
34,-40.9524191446115,-0.6326929275164265,1900024,STOP,2004-07-31 07:18:30
35,-40.97615282010912,-0.6400508599036713,1900024,STOP,2004-07-31 07:27:45
36,-41.013952643444235,-0.6507393580961369,1900024,STOP,2004-07-31 07:42:45
37,-41.02796578547211,-0.6540877229762864,1900024,STOP,2004-07-31 07:48:30
38,-41.04194971143862,-0.6576912558318677,1900024,STOP,2004-07-31 07:54:15
39,-41.04227008516278,-0.6489869170004281,1900024,STOP,2004-07-31 08:15:00
40,-41.028547569987296,-0.6369511544461346,1900024,STOP,2004-07-31 08:30:00
41,-41.014788748690755,-0.6249753861749965,1900024,STOP,2004-07-31 08:45:00
42,-40.9982519811037,-0.6115019381424823,1900024,STOP,2004-07-31 09:02:45
43,-40.99550342627094,-0.6100028630485531,1900024,STOP,2004-07-31 09:05:30
44,-40.992754213473596,-0.6085017671868791,1900024,STOP,2004-07-31 09:08:15
45,-40.978251545094466,-0.5982729765749758,1900024,STOP,2004-07-31 09:23:15
46,-40.96650991495312,-0.589521771461267,1900024,STOP,2004-07-31 09:35:30
47,-40.95477006315881,-0.5807535002642413,1900024,STOP,2004-07-31 09:47:45
48,-40.92551189437673,-0.5605096199459989,1900024,STOP,2004-07-31 10:15:00
49,-40.908024841065995,-0.5490041975064223,1900024,STOP,2004-07-31 10:30:00
50,-40.89053374386078,-0.5374896775757848,1900024,STOP,2004-07-31 10:45:00
51,-40.86401395783963,-0.5204840893437158,1900024,STOP,2004-07-31 11:07:00
52,-40.85501528832664,-0.5149966626327324,1900024,STOP,2004-07-31 11:14:00
53,-40.84601619964061,-0.5094986030408056,1900024,STOP,2004-07-31 11:21:00
54,-40.83050622703862,-0.4997501554969039,1900024,STOP,2004-07-31 11:36:00
55,-40.824007846072604,-0.4955072393395404,1900024,STOP,2004-07-31 11:44:00
56,-40.817511092159165,-0.49125169195815316,1900024,STOP,2004-07-31 11:52:00
57,-40.79151514576461,-0.47650483812250993,1900024,STOP,2004-07-31 12:15:00
58,-40.77202749008192,-0.46600234146017816,1900024,STOP,2004-07-31 12:30:00
59,-40.752527164765496,-0.45551472067172594,1900024,STOP,2004-07-31 12:45:00
60,-40.7292520360377,-0.443505507596218,1900024,STOP,2004-07-31 13:02:45
61,-40.72550510705956,-0.4420017678013739,1900024,STOP,2004-07-31 13:05:30
62,-40.72175511988362,-0.44050417125944963,1900024,STOP,2004-07-31 13:08:15
63,-40.705490219741215,-0.4277936649161166,1900024,STOP,2004-07-31 13:23:15
64,-40.69302173396511,-0.41650039000980216,1900024,STOP,2004-07-31 13:35:30
65,-40.68051828380272,-0.4052626432579287,1900024,STOP,2004-07-31 13:47:45
66,-40.65402383456934,-0.3839738079038178,1900024,STOP,2004-07-31 14:12:30
67,-40.64003475507382,-0.3739694566715437,1900024,STOP,2004-07-31 14:25:00
68,-40.626022730079406,-0.36400564001253083,1900024,STOP,2004-07-31 14:37:30
69,-40.59077019498297,-0.3427426332633842,1900024,STOP,2004-07-31 15:07:30
70,-40.56953343750758,-0.3314902488857336,1900024,STOP,2004-07-31 15:25:00
71,-40.548285759809204,-0.32024515052696423,1900024,STOP,2004-07-31 15:42:30
72,-40.51575851836284,-0.30350495455668763,1900024,STOP,2004-07-31 16:08:30
73,-40.504510001327304,-0.29802360337699013,1900024,STOP,2004-07-31 16:17:00
74,-40.493263257468556,-0.29251863998839117,1900024,STOP,2004-07-31 16:25:30
75,-40.471758513163785,-0.2845001685510776,1900024,STOP,2004-07-31 16:40:30
76,-40.46151497576095,-0.28199491993301096,1900024,STOP,2004-07-31 16:47:00
77,-40.451265254275555,-0.27950335587691666,1900024,STOP,2004-07-31 16:53:30
78,-40.41550259721454,-0.2597974767335799,1900024,STOP,2004-07-31 17:17:00
79,-40.390049997156574,-0.24246619069033512,1900024,STOP,2004-07-31 17:34:00
80,-40.36454148889788,-0.22525167047304473,1900024,STOP,2004-07-31 17:51:00
81,-40.319014316246346,-0.194008018807728,1900024,STOP,2004-07-31 18:21:00
82,-40.299037434912805,-0.17998213952258543,1900024,STOP,2004-07-31 18:34:00
83,-40.27902854540952,-0.16601432460887183,1900024,STOP,2004-07-31 18:47:00
84,-40.23527966779165,-0.13672424093730684,1900024,STOP,2004-07-31 19:15:00
85,-40.21155306709773,-0.12145010128038856,1900024,STOP,2004-07-31 19:30:00
86,-40.18780981792536,-0.10619502625539678,1900024,STOP,2004-07-31 19:45:00
87,-40.15850257061374,-0.08750743984748258,1900024,STOP,2004-07-31 20:03:45
88,-40.153008648983935,-0.08400081233670738,1900024,STOP,2004-07-31 20:07:30
89,-40.14751001956351,-0.08049972949408173,1900024,STOP,2004-07-31 20:11:15
90,-40.12301996173477,-0.06499098335678782,1900024,STOP,2004-07-31 20:26:15
91,-40.1040362830783,-0.05297851270754134,1900024,STOP,2004-07-31 20:37:30
92,-40.08502824052851,-0.041010364691853055,1900024,STOP,2004-07-31 20:48:45
93,-40.04752449304832,-0.017726703336408686,1900024,STOP,2004-07-31 21:11:00
94,-40.0290260488889,-0.006504166666159,1900024,STOP,2004-07-31 21:22:00
95,-40.010517594744556,0.004712223676631237,1900024,STOP,2004-07-31 21:33:00
96,-39.98525611110784,0.019499833494095866,1900024,STOP,2004-07-31 21:48:00
97,-39.9785085489167,0.022994167229792858,1900024,STOP,2004-07-31 21:52:00
98,-39.97176014876326,0.026495779564514977,1900024,STOP,2004-07-31 21:56:00
99,-39.93752509254242,0.040262057465324796,1900024,STOP,2004-07-31 22:15:00
100,-39.91004390541608,0.05052750233450633,1900024,STOP,2004-07-31 22:30:00
101,-39.88254761796121,0.06077422325737252,1900024,STOP,2004-07-31 22:45:00
102,-39.852247737128906,0.0705443814845797,1900024,STOP,2004-07-31 23:10:45
103,-39.8495036613007,0.0700049186756564,1900024,STOP,2004-07-31 23:21:30
104,-39.84675356954274,0.06950756992163654,1900024,STOP,2004-07-31 23:32:15
105,-39.8540093293809,0.06457144998937824,1900024,STOP,2004-07-31 23:47:15
106,-39.86399498271924,0.0600409873738402,1900024,STOP,2004-07-31 23:51:30
107,-39.87395386660166,0.05539380658991676,1900024,STOP,2004-07-31 23:55:45
108,-39.89023304336904,0.04796134792722943,1900024,STOP,2004-08-01 00:02:45
109,-39.89645749311723,0.044885944432664575,1900024,STOP,2004-08-01 00:05:30
110,-39.90270426023114,0.04187776464730382,1900024,STOP,2004-08-01 00:08:15
111,-39.93727359161071,0.026194966421348456,1900024,STOP,2004-08-01 00:23:15
112,-39.965542700084654,0.013334698848701651,1900024,STOP,2004-08-01 00:35:30
113,-39.99376009969422,0.00022841626239193322,1900024,STOP,2004-08-01 00:47:45
114,-40.05428749537691,-0.026721997410938822,1900024,STOP,2004-08-01 01:13:45
115,-40.086501653596116,-0.04078061887330768,1900024,STOP,2004-08-01 01:27:30
116,-40.118799804393944,-0.054573982808238594,1900024,STOP,2004-08-01 01:41:15
117,-40.18897756929085,-0.08468412466130654,1900024,STOP,2004-08-01 02:11:15
118,-40.22699397792113,-0.10026400811668133,1900024,STOP,2004-08-01 02:27:30
119,-40.26499515468233,-0.11598927468310177,1900024,STOP,2004-08-01 02:43:45
120,-40.324738115645836,-0.13720047995966808,1900024,STOP,2004-08-01 03:08:30
121,-40.346518199313905,-0.14213806639536808,1900024,STOP,2004-08-01 03:17:00
122,-40.36826058063404,-0.14742282812611968,1900024,STOP,2004-08-01 03:25:30
123,-40.40626259298599,-0.1586150711781039,1900024,STOP,2004-08-01 03:40:30
124,-40.42250568761638,-0.16435135757830627,1900024,STOP,2004-08-01 03:47:00
125,-40.438717971307305,-0.17027183233904758,1900024,STOP,2004-08-01 03:53:30
126,-40.49730363835257,-0.19001857450045845,1900024,STOP,2004-08-01 04:17:15
127,-40.53937944838846,-0.20524497343629633,1900024,STOP,2004-08-01 04:34:30
128,-40.58170630441599,-0.21933695499269887,1900024,STOP,2004-08-01 04:51:45
129,-40.65148841087324,-0.244182577339331,1900024,STOP,2004-08-01 05:21:45
130,-40.67900895894257,-0.25425646888973175,1900024,STOP,2004-08-01 05:34:30
131,-40.70641551176194,-0.26491646779593775,1900024,STOP,2004-08-01 05:47:15
132,-40.72576395813343,-0.26075080338226736,1900024,STOP,2004-08-01 06:15:00
133,-40.71753184346096,-0.2464935898082454,1900024,STOP,2004-08-01 06:30:00
134,-40.7093002082153,-0.23222891308810062,1900024,STOP,2004-08-01 06:45:00
135,-40.685514667498914,-0.20849757192604768,1900024,STOP,2004-08-01 07:15:00
136,-40.67002308521246,-0.19900092703172795,1900024,STOP,2004-08-01 07:30:00
137,-40.65452228233557,-0.1895114146079163,1900024,STOP,2004-08-01 07:45:00
138,-40.632507306424124,-0.1754977636193705,1900024,STOP,2004-08-01 08:15:00
139,-40.626009828601475,-0.17100238478210944,1900024,STOP,2004-08-01 08:30:00
140,-40.619510238053266,-0.16650437362237974,1900024,STOP,2004-08-01 08:45:00
141,-40.60076043481033,-0.1542522542429447,1900024,STOP,2004-08-01 09:15:00
142,-40.58851519481072,-0.14651049872736802,1900024,STOP,2004-08-01 09:30:00
143,-40.57626297115124,-0.138772826023064,1900024,STOP,2004-08-01 09:45:00
144,-40.55575728847822,-0.12774937812733617,1900024,STOP,2004-08-01 10:06:00
145,-40.54751513637514,-0.12448606576249417,1900024,STOP,2004-08-01 10:12:00
146,-40.53926530198181,-0.12124088880237074,1900024,STOP,2004-08-01 10:18:00
147,-40.52425727969923,-0.1152441536613949,1900024,STOP,2004-08-01 10:28:45
148,-40.51750933376307,-0.1125022933176996,1900024,STOP,2004-08-01 10:33:30
149,-40.51075882916246,-0.10975883203980961,1900024,STOP,2004-08-01 10:38:15
150,-40.49775545738834,-0.10450000944286719,1900024,STOP,2004-08-01 10:47:15
151,-40.49150997214802,-0.1019963541085664,1900024,STOP,2004-08-01 10:51:30
152,-40.48525968061316,-0.09950173978823251,1900024,STOP,2004-08-01 10:55:45
153,-40.456018570441486,-0.08925194837060514,1900024,STOP,2004-08-01 11:15:00
154,-40.43303313951882,-0.08149339128522187,1900024,STOP,2004-08-01 11:30:00
155,-40.41003667827305,-0.07374348300683511,1900024,STOP,2004-08-01 11:45:00
156,-40.37100938678864,-0.05926725797482242,1900024,STOP,2004-08-01 12:11:30
157,-40.355016401055984,-0.052526479651106676,1900024,STOP,2004-08-01 12:23:00
158,-40.339019486633944,-0.04577437153635043,1900024,STOP,2004-08-01 12:34:30
159,-40.31825502531986,-0.03624843337925597,1900024,STOP,2004-08-01 12:49:30
160,-40.31350536864297,-0.03350643064065755,1900024,STOP,2004-08-01 12:53:00
161,-40.30875447363833,-0.030761467558571835,1900024,STOP,2004-08-01 12:56:30
162,-40.286515287163255,-0.020248354839104556,1900024,STOP,2004-08-01 13:15:00
163,-40.26902226711082,-0.01251074297895325,1900024,STOP,2004-08-01 13:30:00
164,-40.25153091852433,-0.004738367596674832,1900024,STOP,2004-08-01 13:45:00
165,-40.22550744336466,0.004753283465151189,1900024,STOP,2004-08-01 14:06:15
166,-40.217012009385144,0.006502048887035053,1900024,STOP,2004-08-01 14:12:30
167,-40.208512401073015,0.008245318400871065,1900024,STOP,2004-08-01 14:18:45
168,-40.186760979525246,0.012500542281162298,1900024,STOP,2004-08-01 14:33:45
169,-40.17351786949464,0.014996729599525393,1900024,STOP,2004-08-01 14:42:30
170,-40.160269498193834,0.01749457388695785,1900024,STOP,2004-08-01 14:51:15
171,-40.12601742347036,0.023252693526952938,1900024,STOP,2004-08-01 15:15:00
172,-40.105029162202506,0.02650529404419696,1900024,STOP,2004-08-01 15:30:00
173,-40.08403136380236,0.02974712004859359,1900024,STOP,2004-08-01 15:45:00
174,-40.054007362736954,0.033999832742265514,1900024,STOP,2004-08-01 16:05:45
175,-40.04501236979373,0.035001136919578214,1900024,STOP,2004-08-01 16:11:30
176,-40.03601393044373,0.036006057810485874,1900024,STOP,2004-08-01 16:17:15
177,-40.021713388832985,0.02303553608785304,1900024,STOP,2004-08-01 16:32:15
178,-40.01652211139996,0.009006773234604044,1900024,STOP,2004-08-01 16:41:30
179,-40.0112156341406,-0.004954243399906312,1900024,STOP,2004-08-01 16:50:45
180,-40.002015166665245,-0.047233141410594495,1900024,STOP,2004-08-01 17:14:30
181,-39.99841320268589,-0.0755598065265374,1900024,STOP,2004-08-01 17:29:00
182,-39.99414808748355,-0.10374035899589634,1900024,STOP,2004-08-01 17:43:30
183,-39.98663454322169,-0.16200427724448857,1900024,STOP,2004-08-01 18:13:30
184,-39.98333030570862,-0.19202674445260806,1900024,STOP,2004-08-01 18:29:00
185,-39.979696922808735,-0.22199510184559712,1900024,STOP,2004-08-01 18:44:30
186,-39.973487523506556,-0.2740317134865484,1900024,STOP,2004-08-01 19:11:30
187,-39.97082758299912,-0.29603911407614397,1900024,STOP,2004-08-01 19:23:00
188,-39.967924243348804,-0.31800241614845265,1900024,STOP,2004-08-01 19:34:30
189,-39.96425827493213,-0.34649634038746496,1900024,STOP,2004-08-01 19:49:30
190,-39.9634986903957,-0.35299089019446295,1900024,STOP,2004-08-01 19:53:00
191,-39.962793631025555,-0.35949852225001355,1900024,STOP,2004-08-01 19:56:30
192,-39.959342744402406,-0.3950812592469181,1900024,STOP,2004-08-01 20:15:00
193,-39.955543740406156,-0.42395274318761095,1900024,STOP,2004-08-01 20:30:00
194,-39.95236957982934,-0.4529720502494226,1900024,STOP,2004-08-01 20:45:00
195,-39.94727472991209,-0.49774233930916,1900024,STOP,2004-08-01 21:07:30
196,-39.94555228047384,-0.5134891064568097,1900024,STOP,2004-08-01 21:15:00
197,-39.94383002047846,-0.5292419634454025,1900024,STOP,2004-08-01 21:22:30
198,-39.940022594885754,-0.5604928445876026,1900024,STOP,2004-08-01 21:37:00
199,-39.93799492308109,-0.5759784401887542,1900024,STOP,2004-08-01 21:44:00
200,-39.935705105481425,-0.5914077284263168,1900024,STOP,2004-08-01 21:51:00
201,-39.92932874974007,-0.6407449350921234,1900024,STOP,2004-08-01 22:13:30
202,-39.92471864666141,-0.674510947227786,1900024,STOP,2004-08-01 22:29:00
203,-39.91984627799851,-0.708225698093844,1900024,STOP,2004-08-01 22:44:30
204,-39.913476171451165,-0.7492355171417493,1900024,STOP,2004-08-01 23:08:00
205,-39.91192091651041,-0.7564615891052813,1900024,STOP,2004-08-01 23:16:00
206,-39.91037965760777,-0.7636957562533035,1900024,STOP,2004-08-01 23:24:00
207,-39.912998567877416,-0.7702674718990198,1900024,STOP,2004-08-01 23:39:00
208,-39.916993094955515,-0.7694886039191978,1900024,STOP,2004-08-01 23:46:00
209,-39.92099177629755,-0.7687313518988561,1900024,STOP,2004-08-01 23:53:00
210,-39.933002575785274,-0.7671337196369575,1900024,STOP,2004-08-02 00:15:00
211,-39.94098794117404,-0.7660031268515642,1900024,STOP,2004-08-02 00:30:00
212,-39.94898195785387,-0.764930512144578,1900024,STOP,2004-08-02 00:45:00
213,-39.96125270190729,-0.7633128047822411,1900024,STOP,2004-08-02 01:07:30
214,-39.96550144739677,-0.7625735148025761,1900024,STOP,2004-08-02 01:15:00
215,-39.96974594747097,-0.7617771446444755,1900024,STOP,2004-08-02 01:22:30
216,-39.97824527208152,-0.7602386167494606,1900024,STOP,2004-08-02 01:37:30
217,-39.982491283709905,-0.7594730491211131,1900024,STOP,2004-08-02 01:45:00
218,-39.98674157505515,-0.7587315809487285,1900024,STOP,2004-08-02 01:52:30
219,-39.999990694782184,-0.75697134935244,1900024,STOP,2004-08-02 02:15:00
220,-40.00898178470463,-0.7559122014286086,1900024,STOP,2004-08-02 02:30:00
221,-40.01797295571503,-0.7548017123500688,1900024,STOP,2004-08-02 02:45:00
222,-40.03099287268551,-0.7536607918449996,1900024,STOP,2004-08-02 03:07:00
223,-40.034991355850664,-0.7534295992565181,1900024,STOP,2004-08-02 03:14:00
224,-40.038993424183964,-0.7532571357152661,1900024,STOP,2004-08-02 03:21:00
225,-40.04774612705874,-0.7529979721549122,1900024,STOP,2004-08-02 03:36:00
226,-40.052493376752395,-0.7529458828743079,1900024,STOP,2004-08-02 03:44:00
227,-40.05724196609396,-0.7530598847109066,1900024,STOP,2004-08-02 03:52:00
228,-40.045763241245226,-0.7525005812808755,1900024,STOP,2004-08-02 04:15:00
229,-40.02952208480478,-0.7520003373868753,1900024,STOP,2004-08-02 04:30:00
230,-40.01327428199757,-0.7515014604161683,1900024,STOP,2004-08-02 04:45:00
231,-39.99674948928066,-0.7502510125248709,1900024,STOP,2004-08-02 05:03:00
232,-39.99649899261389,-0.7495017779058725,1900024,STOP,2004-08-02 05:06:00
233,-39.996249858113366,-0.7487514100147796,1900024,STOP,2004-08-02 05:09:00
234,-40.0039831119038,-0.7330063296090736,1900024,STOP,2004-08-02 05:24:00
235,-40.01203897509707,-0.7180709988193673,1900024,STOP,2004-08-02 05:36:00
236,-40.020027008938996,-0.7030623170543816,1900024,STOP,2004-08-02 05:48:00
237,-40.02875083276101,-0.67601020154047,1900024,STOP,2004-08-02 06:10:15
238,-40.029499503432966,-0.6640167383431193,1900024,STOP,2004-08-02 06:20:30
239,-40.0302882967425,-0.6520225740395397,1900024,STOP,2004-08-02 06:30:45
240,-40.034999434734225,-0.6335088930061272,1900024,STOP,2004-08-02 06:45:45
241,-40.038963801422994,-0.6269778614827066,1900024,STOP,2004-08-02 06:50:30
242,-40.04300155219102,-0.6205190467529738,1900024,STOP,2004-08-02 06:55:15
243,-40.058494743772705,-0.5930280573193911,1900024,STOP,2004-08-02 07:15:00
244,-40.069957291590946,-0.572013325083285,1900024,STOP,2004-08-02 07:30:00
245,-40.0814769509748,-0.5510345903495792,1900024,STOP,2004-08-02 07:45:00
246,-40.09596514978899,-0.5239779452792381,1900024,STOP,2004-08-02 08:04:30
247,-40.098981942358044,-0.5179972434051948,1900024,STOP,2004-08-02 08:09:00
248,-40.101985664884026,-0.5120013542842755,1900024,STOP,2004-08-02 08:13:30
249,-40.10769860291889,-0.49299404481142256,1900024,STOP,2004-08-02 08:28:30
250,-40.11045560902561,-0.48000464248790736,1900024,STOP,2004-08-02 08:39:00
251,-40.11323441343081,-0.4670167569811278,1900024,STOP,2004-08-02 08:49:30
252,-40.119802575788206,-0.4292874339841619,1900024,STOP,2004-08-02 09:17:15
253,-40.12356253347941,-0.404555122361518,1900024,STOP,2004-08-02 09:34:30
254,-40.12731319708804,-0.37980819459726195,1900024,STOP,2004-08-02 09:51:45
255,-40.13301763398501,-0.343265909051864,1900024,STOP,2004-08-02 10:17:15
256,-40.13501109486568,-0.33152099769518234,1900024,STOP,2004-08-02 10:25:30
257,-40.13694580080194,-0.3197538310731932,1900024,STOP,2004-08-02 10:33:45
258,-40.13847006963533,-0.30050957106158993,1900024,STOP,2004-08-02 10:46:30
259,-40.13796475084289,-0.293014248451033,1900024,STOP,2004-08-02 10:51:00
260,-40.13752090131156,-0.28550924427016483,1900024,STOP,2004-08-02 10:55:30
261,-40.142282798648985,-0.25503684388541686,1900024,STOP,2004-08-02 11:15:00
262,-40.147508819145905,-0.23204258601710462,1900024,STOP,2004-08-02 11:30:00
263,-40.15267307347639,-0.20901202680217937,1900024,STOP,2004-08-02 11:45:00
264,-40.15923109462873,-0.1814953969598375,1900024,STOP,2004-08-02 12:02:45
265,-40.160503394154865,-0.17700895692513544,1900024,STOP,2004-08-02 12:05:30
266,-40.16176506188567,-0.17251510512089133,1900024,STOP,2004-08-02 12:08:15
267,-40.16503918352599,-0.16052540742501195,1900024,STOP,2004-08-02 12:15:45
268,-40.16699735423052,-0.15301127259512495,1900024,STOP,2004-08-02 12:20:30
269,-40.16898182216188,-0.14550505506988629,1900024,STOP,2004-08-02 12:25:15
270,-40.16551334803269,-0.12949574618100076,1900024,STOP,2004-08-02 12:37:30
271,-40.160020735705395,-0.12099492469179744,1900024,STOP,2004-08-02 12:45:00
272,-40.154514769740906,-0.11250381501924256,1900024,STOP,2004-08-02 12:52:30
273,-40.14123687495703,-0.08152469410392946,1900024,STOP,2004-08-02 13:17:15
274,-40.133433725829846,-0.059068754994401895,1900024,STOP,2004-08-02 13:34:30
275,-40.12566729878035,-0.036583220810774864,1900025,MOVE,2004-08-02 13:51:45
276,-40.10802024612427,-0.016338849631492496,1900025,MOVE,2004-08-02 14:21:45
277,-40.09803354673785,-0.01864683647925789,1900025,MOVE,2004-08-02 14:34:30
278,-40.08804082029075,-0.020940880168310506,1900025,MOVE,2004-08-02 14:47:15
279,-40.05672008783677,-0.03307929322755235,1900025,MOVE,2004-08-02 15:15:00
280,-40.0354505432651,-0.0432156876547775,1900025,MOVE,2004-08-02 15:30:00
281,-40.01430518721549,-0.053815970324212564,1900025,MOVE,2004-08-02 15:45:00
282,-39.98775932080133,-0.06676451587339448,1900025,MOVE,2004-08-02 16:04:00
283,-39.98251056283726,-0.06950794646574754,1900025,MOVE,2004-08-02 16:08:00
284,-39.977250507706195,-0.07222222246803842,1900025,MOVE,2004-08-02 16:12:00
285,-39.95698850476561,-0.08241591144775492,1900025,MOVE,2004-08-02 16:27:00
286,-39.942055478326566,-0.09011039145839357,1900025,MOVE,2004-08-02 16:38:00
287,-39.9269694725786,-0.09730347263804161,1900025,MOVE,2004-08-02 16:49:00
288,-39.895387007333596,-0.11385390083830355,1900025,MOVE,2004-08-02 17:12:30
289,-39.87902692895069,-0.12348781553613268,1900025,MOVE,2004-08-02 17:25:00
290,-39.86255688463727,-0.13282879544489495,1900025,MOVE,2004-08-02 17:37:30
291,-39.82346598424311,-0.154083692499005,1900025,MOVE,2004-08-02 18:07:30
292,-39.801066334004936,-0.16660115156645755,1900025,MOVE,2004-08-02 18:25:00
293,-39.77847461138034,-0.17855087193564362,1900025,MOVE,2004-08-02 18:42:30
294,-39.747995522638384,-0.19420194207892524,1900025,MOVE,2004-08-02 19:06:15
295,-39.73997691572178,-0.19735331722136945,1900025,MOVE,2004-08-02 19:12:30
296,-39.732003551416135,-0.2007073265125395,1900025,MOVE,2004-08-02 19:18:45
297,-39.711959528019534,-0.20800051362971997,1900025,MOVE,2004-08-02 19:33:45
298,-39.699999611534615,-0.212405799738934,1900025,MOVE,2004-08-02 19:42:30
299,-39.6880131189624,-0.21671624438189513,1900025,MOVE,2004-08-02 19:51:15
300,-39.654629178519905,-0.2285536566715306,1900025,MOVE,2004-08-02 20:16:00
301,-39.63303955881208,-0.23500414425645832,1900025,MOVE,2004-08-02 20:32:00
302,-39.61163728489054,-0.24249763024296103,1900025,MOVE,2004-08-02 20:48:00
303,-39.5785066813451,-0.25223233566145503,1900025,MOVE,2004-08-02 21:12:15
304,-39.56701516741981,-0.2554942882184673,1900025,MOVE,2004-08-02 21:20:30
305,-39.55551246270606,-0.25871811011437473,1900025,MOVE,2004-08-02 21:28:45
306,-39.535762170990324,-0.26452857346590636,1900025,MOVE,2004-08-02 21:42:45
307,-39.5275584254706,-0.2672487877792409,1900025,MOVE,2004-08-02 21:48:30
308,-39.519289841459,-0.2696383810264797,1900025,MOVE,2004-08-02 21:54:15
309,-39.49153455919103,-0.2795790794585937,1900025,MOVE,2004-08-02 22:15:00
310,-39.471946825008445,-0.2866333403113403,1900025,MOVE,2004-08-02 22:30:00
311,-39.452437870663,-0.29408558643274785,1900025,MOVE,2004-08-02 22:45:00
312,-39.42670970927372,-0.3056181381764443,1900025,MOVE,2004-08-02 23:05:15
313,-39.42048606933635,-0.3094298594529312,1900025,MOVE,2004-08-02 23:10:30
314,-39.41424085833087,-0.31319168610907216,1900025,MOVE,2004-08-02 23:15:45
315,-39.3960526072861,-0.32362776698828066,1900025,MOVE,2004-08-02 23:30:45
316,-39.38397819719888,-0.329869102145386,1900025,MOVE,2004-08-02 23:40:30
317,-39.37201711304824,-0.33648509349393385,1900025,MOVE,2004-08-02 23:50:15
318,-39.33783898614128,-0.35012791462990017,1900025,MOVE,2004-08-03 00:16:15
319,-39.31558539524277,-0.35678897336275994,1900025,MOVE,2004-08-03 00:32:30
320,-39.29338282865293,-0.36378124580000487,1900025,MOVE,2004-08-03 00:48:45
321,-39.25118096731188,-0.3755102876595055,1900025,MOVE,2004-08-03 01:18:45
322,-39.2315017869624,-0.3818291096382158,1900025,MOVE,2004-08-03 01:32:30
323,-39.2117134533024,-0.3876128130535512,1900025,MOVE,2004-08-03 01:46:15
324,-39.17097468198882,-0.40052492031004755,1900025,MOVE,2004-08-03 02:15:00
325,-39.1499025100788,-0.40682461217945687,1900025,MOVE,2004-08-03 02:30:00
326,-39.12893519947438,-0.4137263600523436,1900025,MOVE,2004-08-03 02:45:00
327,-39.10374621821891,-0.4219467332110019,1900025,MOVE,2004-08-03 03:03:00
328,-39.09950002723927,-0.42295675564958973,1900025,MOVE,2004-08-03 03:06:00
329,-39.09524940513656,-0.42394859700985205,1900025,MOVE,2004-08-03 03:09:00
330,-39.07274250294161,-0.43011766720675904,1900025,MOVE,2004-08-03 03:24:00
331,-39.05443635197307,-0.43496926429061045,1900025,MOVE,2004-08-03 03:36:00
332,-39.036259327547675,-0.4406106805515774,1900025,MOVE,2004-08-03 03:48:00
333,-38.9989965648456,-0.4518982127584832,1900025,MOVE,2004-08-03 04:12:45
334,-38.979984244638835,-0.4577762908062926,1900025,MOVE,2004-08-03 04:25:30
335,-38.96109465040503,-0.46431403442046804,1900025,MOVE,2004-08-03 04:38:15
336,-38.91502373952269,-0.47775950011820384,1900025,MOVE,2004-08-03 05:08:15
337,-38.888174369315955,-0.48625209577988715,1900025,MOVE,2004-08-03 05:25:30
338,-38.86102874618845,-0.493095049110555,1900025,MOVE,2004-08-03 05:42:45
339,-38.82222069274425,-0.504007481073364,1900025,MOVE,2004-08-03 06:07:45
340,-38.81049549600266,-0.5073639611625833,1900025,MOVE,2004-08-03 06:15:30
341,-38.798779358106906,-0.5108044112481778,1900025,MOVE,2004-08-03 06:23:15
342,-38.77601685327401,-0.5172919535323108,1900025,MOVE,2004-08-03 06:38:15
343,-38.765039221841825,-0.5206305357721892,1900025,MOVE,2004-08-03 06:45:30
344,-38.75398581396027,-0.5235575141504426,1900025,MOVE,2004-08-03 06:52:45
345,-38.722852204120244,-0.5329936031641054,1900025,MOVE,2004-08-03 07:14:00
346,-38.702626695254715,-0.5385727672933138,1900025,MOVE,2004-08-03 07:28:00
347,-38.68232189345328,-0.5437153304018255,1900025,MOVE,2004-08-03 07:42:00
348,-38.64510463302558,-0.5533700192448012,1900025,MOVE,2004-08-03 08:07:45
349,-38.6281721496075,-0.5575285084241235,1900025,MOVE,2004-08-03 08:19:30
350,-38.61108252469059,-0.5605170470233736,1900026,STOP,2004-08-03 08:31:15
351,-38.58723109449796,-0.5661251338285469,1900026,STOP,2004-08-03 08:47:15
352,-38.58046500157662,-0.5682747212006934,1900026,STOP,2004-08-03 08:51:30
353,-38.57373181049878,-0.570600973354855,1900026,STOP,2004-08-03 08:55:45
354,-38.548062892012894,-0.5762401373829777,1900026,STOP,2004-08-03 09:12:15
355,-38.52906352926281,-0.5788774225495985,1900026,STOP,2004-08-03 09:24:30
356,-38.51011969556177,-0.5821898356688144,1900026,STOP,2004-08-03 09:36:45
357,-38.48575431896628,-0.5834996733531367,1900026,STOP,2004-08-03 09:51:45
358,-38.48050704591894,-0.5830021091506875,1900026,STOP,2004-08-03 09:54:30
359,-38.47525778445749,-0.5825017994603904,1900026,STOP,2004-08-03 09:57:15
360,-38.458759102852675,-0.5812520749930684,1900026,STOP,2004-08-03 10:06:30
361,-38.44751532150739,-0.5804999093345397,1900026,STOP,2004-08-03 10:13:00
362,-38.436266918864334,-0.57974850144326,1900026,STOP,2004-08-03 10:19:30
363,-38.41026204914478,-0.5782495554455974,1900026,STOP,2004-08-03 10:34:30
364,-38.395520043640865,-0.5775006661397999,1900026,STOP,2004-08-03 10:43:00
365,-38.38077204489014,-0.5767511381778206,1900026,STOP,2004-08-03 10:51:30
366,-38.344287158742574,-0.5641942434559731,1900026,STOP,2004-08-03 11:15:00
367,-38.32253973609843,-0.5524755626940644,1900026,STOP,2004-08-03 11:30:00
368,-38.300793928468714,-0.540724853025252,1900026,STOP,2004-08-03 11:45:00
369,-38.2716006801094,-0.49773246314033043,1900026,STOP,2004-08-03 12:15:00
370,-38.26406007119591,-0.46651417723639205,1900026,STOP,2004-08-03 12:30:00
371,-38.25646673032682,-0.43530662404744375,1900026,STOP,2004-08-03 12:45:00
372,-38.245052738317966,-0.38075268926246314,1900026,STOP,2004-08-03 13:11:00
373,-38.24106177135553,-0.3575123365960897,1900026,STOP,2004-08-03 13:22:00
374,-38.237004396295845,-0.3342822802113978,1900026,STOP,2004-08-03 13:33:00
375,-38.231224413744584,-0.30226554097014013,1900026,STOP,2004-08-03 13:48:00
376,-38.22947815353161,-0.2935192240834371,1900026,STOP,2004-08-03 13:52:00
377,-38.227732960120264,-0.28476900621921436,1900026,STOP,2004-08-03 13:56:00
378,-38.22012236508717,-0.2439855025699919,1900026,STOP,2004-08-03 14:15:00
379,-38.21400525049416,-0.21203759959738294,1900026,STOP,2004-08-03 14:30:00
380,-38.20798102035084,-0.18005033756541444,1900026,STOP,2004-08-03 14:45:00
381,-38.196496762274045,-0.11877178747448,1900026,STOP,2004-08-03 15:14:00
382,-38.19097777958694,-0.08954255939029673,1900026,STOP,2004-08-03 15:28:00
383,-38.18543135234705,-0.06031190523090657,1900026,STOP,2004-08-03 15:42:00
384,-38.17399315541299,0.0029745155282952726,1900026,STOP,2004-08-03 16:12:00
385,-38.167906463223105,0.03693246517796137,1900026,STOP,2004-08-03 16:28:00
386,-38.16220117746217,0.07100839391646237,1900026,STOP,2004-08-03 16:44:00
387,-38.15129968357243,0.12824912563563465,1900026,STOP,2004-08-03 17:11:00
388,-38.14656348908626,0.15149146419689435,1900026,STOP,2004-08-03 17:22:00
389,-38.141839736382835,0.1747461274303574,1900026,STOP,2004-08-03 17:33:00
390,-38.134512703883345,0.20574975908028845,1900026,STOP,2004-08-03 17:48:00
391,-38.13201673196803,0.21349715810968495,1900026,STOP,2004-08-03 17:52:00
392,-38.12952469357366,0.22124996096410732,1900026,STOP,2004-08-03 17:56:00
393,-38.12300963724496,0.23625056017858478,1900026,STOP,2004-08-03 18:05:15
394,-38.11900464341128,0.2434905504700544,1900026,STOP,2004-08-03 18:10:30
395,-38.11502106194641,0.25075351226110465,1900026,STOP,2004-08-03 18:15:45
396,-38.114219731779855,0.26252790298122114,1900026,STOP,2004-08-03 18:30:45
397,-38.11748473495552,0.2670056271497602,1900026,STOP,2004-08-03 18:40:30
398,-38.120729183352125,0.2715112113870804,1900026,STOP,2004-08-03 18:50:15
399,-38.12005994691797,0.2689531681968486,1900026,STOP,2004-08-03 19:15:15
400,-38.115989579742454,0.2620245585892046,1900026,STOP,2004-08-03 19:30:30
401,-38.1119198421513,0.2550906959425951,1900026,STOP,2004-08-03 19:45:45
402,-38.11174705696385,0.2487483874331742,1900026,STOP,2004-08-03 20:11:30
403,-38.11549106907442,0.2495291747092,1900026,STOP,2004-08-03 20:22:00
404,-38.119241415164296,0.2502723092255509,1900026,STOP,2004-08-03 20:32:30
405,-38.12300106317109,0.2502506126955965,1900026,STOP,2004-08-03 20:47:15
406,-38.12300091134311,0.24950102052522216,1900026,STOP,2004-08-03 20:51:30
407,-38.12299903021225,0.24875112617768097,1900026,STOP,2004-08-03 20:55:45
408,-38.124723508451616,0.24373714287317333,1900026,STOP,2004-08-03 21:07:30
409,-38.126495619496836,0.2395050153155664,1900026,STOP,2004-08-03 21:15:00
410,-38.128264702357576,0.23526835825496184,1900026,STOP,2004-08-03 21:22:30
411,-38.13683084830056,0.21984585568919637,1900026,STOP,2004-08-03 21:37:30
412,-38.14364058296765,0.20866478721000473,1900026,STOP,2004-08-03 21:45:00
413,-38.15025947233721,0.19729147396136162,1900026,STOP,2004-08-03 21:52:30
414,-38.170736251539054,0.16002883062663328,1900026,STOP,2004-08-03 22:17:15
415,-38.18451862064006,0.13408123642743267,1900026,STOP,2004-08-03 22:34:30
416,-38.19813589504835,0.10797148804601346,1900026,STOP,2004-08-03 22:51:45
417,-34.8469975074656,2.333475428374667,3900022,STOP,2004-08-08 00:14:45
418,-34.851993467153356,2.3339943796781664,3900022,STOP,2004-08-08 00:29:30
419,-34.85699337219136,2.33448601567369,3900022,STOP,2004-08-08 00:44:15
420,-34.866495552147825,2.335269793043681,3900022,STOP,2004-08-08 01:14:15
421,-34.870994732837175,2.335471473675433,3900022,STOP,2004-08-08 01:29:30
422,-34.87549453426771,2.335712519973804,3900022,STOP,2004-08-08 01:44:45
423,-34.88350156168874,2.336975849907608,3900022,STOP,2004-08-08 02:15:00
424,-34.88699624099946,2.3379928825044676,3900022,STOP,2004-08-08 02:30:00
425,-34.89049767539859,2.3389829900938346,3900022,STOP,2004-08-08 02:45:00
426,-34.897498144472934,2.3407423677056935,3900022,STOP,2004-08-08 03:13:15
427,-34.900997938747665,2.341480060264791,3900022,STOP,2004-08-08 03:26:30
428,-34.90449315053836,2.3422592927327677,3900022,STOP,2004-08-08 03:39:45
429,-34.91174001663955,2.3445241480221717,3900022,STOP,2004-08-08 04:09:45
430,-34.915485899021405,2.3460309811927402,3900022,STOP,2004-08-08 04:26:30
431,-34.919245042869335,2.3474944508056446,3900022,STOP,2004-08-08 04:43:15
432,-34.92499635587562,2.3497572931977206,3900022,STOP,2004-08-08 05:09:15
433,-34.926995307781425,2.3505067137849593,3900022,STOP,2004-08-08 05:18:30
434,-34.928991261087255,2.351271442141143,3900022,STOP,2004-08-08 05:27:45
435,-34.93224898215405,2.352249779022183,3900022,STOP,2004-08-08 05:42:45
436,-34.93349902410254,2.3524942108931977,3900022,STOP,2004-08-08 05:48:30
437,-34.93474601807462,2.352764443152506,3900022,STOP,2004-08-08 05:54:15
438,-34.924543728990635,2.344435793745429,3900022,STOP,2004-08-08 06:15:00
439,-34.91292626657941,2.336193518153977,3900022,STOP,2004-08-08 06:30:00
440,-34.901410262402386,2.3277285528136593,3900022,STOP,2004-08-08 06:45:00
441,-34.886496845229026,2.31651436886696,3900022,STOP,2004-08-08 07:09:45
442,-34.88299324203096,2.314027131262834,3900022,STOP,2004-08-08 07:19:30
443,-34.87949502315134,2.311524805202483,3900022,STOP,2004-08-08 07:29:15
444,-34.87450561308276,2.3082376693646953,3900022,STOP,2004-08-08 07:44:15
445,-34.873016818074944,2.3074579081770925,3900022,STOP,2004-08-08 07:49:30
446,-34.87150753449274,2.3067367918268498,3900022,STOP,2004-08-08 07:54:45
447,-34.862033804643964,2.302653923414441,3900022,STOP,2004-08-08 08:09:00
448,-34.85405794276886,2.299333963572114,3900022,STOP,2004-08-08 08:18:00
449,-34.84601126591669,2.2962646402510813,3900022,STOP,2004-08-08 08:27:00
450,-34.830010154630926,2.2924204595442323,3900022,STOP,2004-08-08 08:42:00
451,-34.82202358788057,2.2917383916449006,3900022,STOP,2004-08-08 08:48:00
452,-34.81401413524603,2.291692669020136,3900022,STOP,2004-08-08 08:54:00
453,-34.796776480076176,2.2895579948717075,3900022,STOP,2004-08-08 09:04:45
454,-34.78752723036855,2.288356451011068,3900022,STOP,2004-08-08 09:09:30
455,-34.77829609319013,2.2869215880227296,3900022,STOP,2004-08-08 09:14:15
456,-34.74875466556402,2.2854625577981627,3900022,STOP,2004-08-08 09:29:15
457,-34.72850572018412,2.2848283029314085,3900022,STOP,2004-08-08 09:39:30
458,-34.70829642207359,2.2830187437907035,3900022,STOP,2004-08-08 09:49:45
459,-34.65927539439388,2.287763722236212,3900022,STOP,2004-08-08 10:15:45
460,-34.63054060684257,2.2935091464522643,3900022,STOP,2004-08-08 10:31:30
461,-34.60179478542816,2.2992594518323197,3900022,STOP,2004-08-08 10:47:15
462,-34.5515169793397,2.309244627912194,3900022,STOP,2004-08-08 11:17:15
463,-34.530028748641485,2.3134938172392725,3900022,STOP,2004-08-08 11:31:30
464,-34.50853153927747,2.31774173611105,3900022,STOP,2004-08-08 11:45:45
465,-34.46076183171654,2.3347185933153596,3900022,STOP,2004-08-08 12:15:00
466,-34.43453156897253,2.3474815283432546,3900022,STOP,2004-08-08 12:30:00
467,-34.40829007210103,2.360243047193635,3900022,STOP,2004-08-08 12:45:00
468,-34.384276858500236,2.3844817080560743,3900022,STOP,2004-08-08 13:06:15
469,-34.38657386312103,2.3959611894781148,3900022,STOP,2004-08-08 13:12:30
470,-34.38876161576145,2.4074773057024474,3900022,STOP,2004-08-08 13:18:45
471,-34.4024916076147,2.433982542099901,3900022,STOP,2004-08-08 13:33:45
472,-34.41396852108866,2.4489915983855943,3900022,STOP,2004-08-08 13:42:30
473,-34.42549343855714,2.4639605128246362,3900022,STOP,2004-08-08 13:51:15
474,-34.434808123575365,2.499743056760091,3900022,STOP,2004-08-08 14:16:00
475,-34.432653174225685,2.5204968942024997,3900022,STOP,2004-08-08 14:32:00
476,-34.43029844786271,2.541226753676559,3900023,MOVE,2004-08-08 14:48:00
477,-34.44385681079677,2.5338823100289414,3900023,MOVE,2004-08-08 15:18:00
478,-34.459474996328176,2.5055516007304757,3900023,MOVE,2004-08-08 15:32:00
479,-34.475444311571536,2.477486190093802,3900023,MOVE,2004-08-08 15:46:00
480,-34.505261051230015,2.4262972580424296,3900023,MOVE,2004-08-08 16:10:45
481,-34.51943384382638,2.403499041027338,3900023,MOVE,2004-08-08 16:21:30
482,-34.53378586294841,2.380846916793711,3900023,MOVE,2004-08-08 16:32:15
483,-34.55352961325709,2.3492900426679535,3900023,MOVE,2004-08-08 16:47:15
484,-34.559019777760106,2.3405389426998036,3900023,MOVE,2004-08-08 16:51:30
485,-34.564425964590875,2.3317047348563067,3900024,STOP,2004-08-08 16:55:45
486,-34.589299470747946,2.2906278954323303,3900024,STOP,2004-08-08 17:15:00
487,-34.608769963138954,2.258384969220139,3900024,STOP,2004-08-08 17:30:00
488,-34.62805786203358,2.2259506597045107,3900024,STOP,2004-08-08 17:45:00
489,-34.675559525474185,2.1797534424560476,3900024,STOP,2004-08-08 18:15:00
490,-34.70305193962827,2.1652860426057483,3900024,STOP,2004-08-08 18:30:00
491,-34.730419973115346,2.1504310456034377,3900024,STOP,2004-08-08 18:45:00
492,-34.78297961739445,2.1360017310558654,3900024,STOP,2004-08-08 19:09:30
493,-34.8079660230986,2.1359964265223876,3900024,STOP,2004-08-08 19:19:00
494,-34.83296158971233,2.136272174832227,3900024,STOP,2004-08-08 19:28:30
495,-34.864011238976055,2.1277753965332105,3900024,STOP,2004-08-08 19:43:30
496,-34.869878974348964,2.119393651759766,3900024,STOP,2004-08-08 19:49:00
497,-34.8759738549932,2.111248580709721,3900024,STOP,2004-08-08 19:54:30
498,-34.88229874718123,2.08500827178904,3900024,STOP,2004-08-08 20:07:30
499,-34.882831437088825,2.0670196079433514,3900024,STOP,2004-08-08 20:15:00
500,-34.88352637095065,2.0490311031835984,3900024,STOP,2004-08-08 20:22:30
501,-34.88384697092477,2.013512505425623,3900024,STOP,2004-08-08 20:37:30
502,-34.88360929773841,1.9960217006025451,3900024,STOP,2004-08-08 20:45:00
503,-34.883140659265656,1.9785306840517733,3900024,STOP,2004-08-08 20:52:30
504,-34.8512758974245,1.9615010672709612,3900024,STOP,2004-08-08 21:15:00
505,-34.81954316501497,1.9620012683695265,3900024,STOP,2004-08-08 21:30:00
506,-34.78779748254162,1.962500095842191,3900024,STOP,2004-08-08 21:45:00
507,-34.72352630964912,1.9644939232709417,3900024,STOP,2004-08-08 22:15:00
508,-34.69104412397059,1.9659981524390437,3900024,STOP,2004-08-08 22:30:00
509,-34.65854842969342,1.9674937038645381,3900024,STOP,2004-08-08 22:45:00
510,-34.60301340185739,1.9772257915832951,3900024,STOP,2004-08-08 23:12:00
511,-34.58002324024258,1.9854622253053986,3900024,STOP,2004-08-08 23:24:00
512,-34.55703740067828,1.9937553685778746,3900024,STOP,2004-08-08 23:36:00
513,-34.528493578346364,2.005975089432758,3900024,STOP,2004-08-08 23:51:00
514,-34.522997154410085,2.0099743201649893,3900024,STOP,2004-08-08 23:54:00
515,-34.51750092128412,2.0139797939596398,3900024,STOP,2004-08-08 23:57:00
516,-34.499001918362104,2.0264761424474447,3900024,STOP,2004-08-09 00:07:30
517,-34.4860146406724,2.034985341304778,3900024,STOP,2004-08-09 00:15:00
518,-34.47301660759668,2.043484091524303,3900024,STOP,2004-08-09 00:22:30
519,-34.474221886460086,2.056816730860035,3900024,STOP,2004-08-09 00:37:30
520,-34.48847563848244,2.0615124040873356,3900024,STOP,2004-08-09 00:45:00
521,-34.502722106684246,2.0662695376978557,3900024,STOP,2004-08-09 00:52:30
522,-34.547714550540285,2.076085433178662,3900024,STOP,2004-08-09 01:15:00
523,-34.57844831884183,2.0810767461989927,3900024,STOP,2004-08-09 01:30:00
524,-34.60919021638793,2.086112429612138,3900024,STOP,2004-08-09 01:45:00
525,-34.66997778084776,2.0937093996655323,3900024,STOP,2004-08-09 02:15:00
526,-34.69993735891622,2.0968216703768805,3900024,STOP,2004-08-09 02:30:00
527,-34.729926456059765,2.0996866232131213,3900024,STOP,2004-08-09 02:45:00
528,-34.76199547863005,2.1022819533803405,3900024,STOP,2004-08-09 03:09:45
529,-34.76399632419917,2.102507726447857,3900024,STOP,2004-08-09 03:19:30
530,-34.76599625718297,2.1027568555987566,3900024,STOP,2004-08-09 03:29:15
531,-34.76899946089839,2.102751852756476,3900024,STOP,2004-08-09 03:44:15
532,-34.769998845677584,2.1025015679758408,3900024,STOP,2004-08-09 03:49:30
533,-34.77100092404209,2.1022651063488818,3900024,STOP,2004-08-09 03:54:45
534,-34.77524256466112,2.1030218817612014,3900024,STOP,2004-08-09 04:15:00
535,-34.778486854835364,2.104040109244634,3900024,STOP,2004-08-09 04:30:00
536,-34.78173779878549,2.1050332863525,3900024,STOP,2004-08-09 04:45:00
537,-34.7859988709002,2.1062516438227368,3900024,STOP,2004-08-09 05:04:15
538,-34.78699803771525,2.10650321564119,3900024,STOP,2004-08-09 05:08:30
539,-34.78799750816467,2.106755503544919,3900024,STOP,2004-08-09 05:12:45
540,-34.7915004286588,2.1074809160215864,3900024,STOP,2004-08-09 05:27:45
541,-34.79400084150676,2.1079673098811176,3900024,STOP,2004-08-09 05:38:30
542,-34.79649590848564,2.1085001855583916,3900024,STOP,2004-08-09 05:49:15
543,-34.80074782165971,2.10925746810552,3900024,STOP,2004-08-09 06:07:00
544,-34.80249668009084,2.1095092924334313,3900024,STOP,2004-08-09 06:14:00
545,-34.80424526380187,2.1097712142289726,3900024,STOP,2004-08-09 06:21:00
546,-34.80154126519847,2.1056946104155867,3900024,STOP,2004-08-09 06:36:00
547,-34.796998562931655,2.1015185870487887,3900024,STOP,2004-08-09 06:44:00
548,-34.792574197741196,2.097153234383997,3900024,STOP,2004-08-09 06:52:00
549,-34.786240410543236,2.0917741177779203,3900024,STOP,2004-08-09 07:03:45
550,-34.784486607936515,2.0905346956813387,3900024,STOP,2004-08-09 07:07:30
551,-34.78276394296709,2.0892302443103277,3900024,STOP,2004-08-09 07:11:15
552,-34.78324831927256,2.087752276727238,3900024,STOP,2004-08-09 07:26:15
553,-34.78549920052797,2.0875323000748307,3900024,STOP,2004-08-09 07:37:30
554,-34.78774879919401,2.0872806851361614,3900024,STOP,2004-08-09 07:48:45
555,-34.809987639616246,2.084550527549275,3900024,STOP,2004-08-09 08:14:45
556,-34.829967084680675,2.0819400548543294,3900024,STOP,2004-08-09 08:29:30
557,-34.84996725184314,2.0794734331019566,3900024,STOP,2004-08-09 08:44:15
558,-34.89373192381115,2.0742704065349966,3900024,STOP,2004-08-09 09:14:15
559,-34.91747120568934,2.0715509140894937,3900024,STOP,2004-08-09 09:29:30
560,-34.94121031860612,2.0687044267325887,3900024,STOP,2004-08-09 09:44:45
561,-34.971118028794784,2.0533495888920825,3900024,STOP,2004-08-09 10:09:30
562,-34.97698090925833,2.040514848246643,3900024,STOP,2004-08-09 10:19:00
563,-34.98292021727379,2.0277232514865076,3900024,STOP,2004-08-09 10:28:30
564,-34.98898357418475,2.0107535123721973,3900024,STOP,2004-08-09 10:41:30
565,-34.98904218607365,2.0065064268602266,3900024,STOP,2004-08-09 10:45:00
566,-34.989065795018846,2.0022568534991745,3900024,STOP,2004-08-09 10:48:30
567,-34.99218363354034,1.9844894656081054,3900024,STOP,2004-08-09 11:00:15
568,-34.99558320056393,1.9710529312445602,3900024,STOP,2004-08-09 11:08:30
569,-34.998620061704074,1.9574802288883175,3900024,STOP,2004-08-09 11:16:45
570,-34.99778210402792,1.9339890545864837,3900024,STOP,2004-08-09 11:33:45
571,-34.99359905260356,1.9239535133845067,3900024,STOP,2004-08-09 11:42:30
572,-34.989105523932714,1.9141153631899002,3900024,STOP,2004-08-09 11:51:15
573,-34.96201874601243,1.9052495189314829,3900024,STOP,2004-08-09 12:17:00
574,-34.93903118960331,1.906497409805875,3900024,STOP,2004-08-09 12:34:00
575,-34.91603423491597,1.9077446213362919,3900024,STOP,2004-08-09 12:51:00
576,-34.8717673221471,1.9092495419507567,3900024,STOP,2004-08-09 13:21:00
577,-34.85052888240341,1.909500144169759,3900024,STOP,2004-08-09 13:34:00
578,-34.82928177368437,1.9097493673545134,3900024,STOP,2004-08-09 13:47:00
579,-34.791513675623754,1.911253840146471,3900024,STOP,2004-08-09 14:11:45
580,-34.77502266065029,1.9125036236997486,3900024,STOP,2004-08-09 14:23:30
581,-34.7585248891925,1.9137529425688973,3900024,STOP,2004-08-09 14:35:15
582,-34.73725377192133,1.9164984767617477,3900024,STOP,2004-08-09 14:50:15
583,-34.73250694371662,1.9180004918853368,3900024,STOP,2004-08-09 14:53:30
584,-34.72775725292646,1.919498665240334,3900024,STOP,2004-08-09 14:56:45
585,-34.70775438038789,1.930226193773656,3900024,STOP,2004-08-09 15:15:00
586,-34.692512619599015,1.939472455304161,3900024,STOP,2004-08-09 15:30:00
587,-34.67727414422399,1.9487434947258777,3900024,STOP,2004-08-09 15:45:00
588,-34.65027091437866,1.9710082051153923,3900024,STOP,2004-08-09 16:08:45
589,-34.63852312277756,1.9839970875989832,3900024,STOP,2004-08-09 16:17:30
590,-34.62679135662855,1.997016731959963,3900024,STOP,2004-08-09 16:26:15
591,-34.60521997510541,2.020692698403916,3900024,STOP,2004-08-09 16:41:15
592,-34.59547763934482,2.0314410630119037,3900024,STOP,2004-08-09 16:47:30
593,-34.58574471231967,2.042210170653318,3900024,STOP,2004-08-09 16:53:45
594,-34.5595006025572,2.0649688821521206,3900024,STOP,2004-08-09 17:09:00
595,-34.543022995620966,2.0769915027521493,3900024,STOP,2004-08-09 17:18:00
596,-34.52652560736049,2.0889896553427763,3900024,STOP,2004-08-09 17:27:00
597,-34.5232396095272,2.1017383417134785,3900024,STOP,2004-08-09 17:42:00
598,-34.53648558325604,2.1023999342432313,3900024,STOP,2004-08-09 17:48:00
599,-34.54972806507339,2.103286996722132,3900024,STOP,2004-08-09 17:54:00
600,-34.57224441423567,2.1040951565436057,3900024,STOP,2004-08-09 18:03:30
601,-34.581488367835846,2.104395393263385,3900024,STOP,2004-08-09 18:07:00
602,-34.5907367552773,2.1046827753519506,3900024,STOP,2004-08-09 18:10:30
603,-34.62972634535521,2.104901978691235,3900024,STOP,2004-08-09 18:25:30
604,-34.65945886868843,2.105322166785247,3900024,STOP,2004-08-09 18:37:00
605,-34.689206015900304,2.1054766529787385,3900024,STOP,2004-08-09 18:48:30
606,-34.72899161470663,2.1062631311945177,3900024,STOP,2004-08-09 19:04:00
607,-34.73898702257175,2.1064565194627023,3900024,STOP,2004-08-09 19:08:00
608,-34.74898499753954,2.106745145006911,3900024,STOP,2004-08-09 19:12:00
609,-34.77574393761876,2.12071948938651,3900024,STOP,2004-08-09 19:27:45
610,-34.792558086701625,2.134326454472764,3900024,STOP,2004-08-09 19:39:30
611,-34.80933130543092,2.148029760096381,3900024,STOP,2004-08-09 19:51:15
612,-34.82444416895208,2.1979683612051772,3900024,STOP,2004-08-09 20:17:15
613,-34.82273276977655,2.23393524807908,3900024,STOP,2004-08-09 20:31:30
614,-34.82131619298422,2.269935030915308,3900024,STOP,2004-08-09 20:45:45
615,-34.83976586943374,2.31208995826423,3900024,STOP,2004-08-09 21:10:30
616,-34.85946808685653,2.318506590371219,3900024,STOP,2004-08-09 21:21:00
617,-34.87922309060008,2.324722364937547,3900024,STOP,2004-08-09 21:31:30
618,-34.908820905787515,2.370929183554371,3900024,STOP,2004-08-09 22:01:30
619,-34.91865105866426,2.410872384359167,3900024,STOP,2004-08-09 22:21:00
620,-34.928235986421306,2.4509278081508876,3900024,STOP,2004-08-09 22:40:30
621,-34.94098576314736,2.505241026255552,3900024,STOP,2004-08-09 23:15:00
622,-34.94397947087445,2.519484299424304,3900024,STOP,2004-08-09 23:30:00
623,-34.94698622745731,2.5337303224171035,3900024,STOP,2004-08-09 23:45:00
624,-34.95074829397714,2.548254628889086,3900024,STOP,2004-08-10 00:03:15
625,-34.951498589915104,2.54850132690088,3900024,STOP,2004-08-10 00:06:30
626,-34.95224795693711,2.548753685934699,3900024,STOP,2004-08-10 00:09:45
627,-34.95624473236448,2.5500116872484933,3900024,STOP,2004-08-10 00:24:45
628,-34.95949503049417,2.5510010638690783,3900024,STOP,2004-08-10 00:36:30
629,-34.96274622407376,2.551993060127993,3900024,STOP,2004-08-10 00:48:15
630,-34.9692449960955,2.5540104308297176,3900024,STOP,2004-08-10 01:13:00
631,-34.972490325861614,2.555023801044447,3900024,STOP,2004-08-10 01:26:00
632,-34.97573857313047,2.556030000091234,3900024,STOP,2004-08-10 01:39:00
633,-34.983748216406745,2.558488713284193,3900024,STOP,2004-08-10 02:09:00
634,-34.988500279166956,2.559965735287879,3900024,STOP,2004-08-10 02:26:00
635,-34.993245377534954,2.5614855079343304,3900024,STOP,2004-08-10 02:43:00
636,-34.999499277618774,2.5634973306526945,3900024,STOP,2004-08-10 03:06:30
637,-35.00099869332036,2.5639960156875303,3900024,STOP,2004-08-10 03:13:00
638,-35.00249704167512,2.5645023774221616,3900024,STOP,2004-08-10 03:19:30
639,-35.00599609540993,2.5660058879603547,3900024,STOP,2004-08-10 03:34:30
640,-35.00799420893073,2.567007702308235,3900024,STOP,2004-08-10 03:43:00
641,-35.009990554894344,2.56801760055533,3900024,STOP,2004-08-10 03:51:30
642,-35.01500757225563,2.5699531741060517,3900024,STOP,2004-08-10 04:15:00
643,-35.01799633072487,2.5709946300063313,3900024,STOP,2004-08-10 04:30:00
644,-35.02099336249721,2.5720069125799347,3900024,STOP,2004-08-10 04:45:00
645,-35.02499837957946,2.573501974607385,3900024,STOP,2004-08-10 05:03:30
646,-35.025998129423066,2.574000821090997,3900024,STOP,2004-08-10 05:07:00
647,-35.026995079834194,2.5745093605742024,3900024,STOP,2004-08-10 05:10:30
648,-35.03074111871807,2.576270468130308,3900024,STOP,2004-08-10 05:27:00
649,-35.033493357843994,2.577507430890073,3900024,STOP,2004-08-10 05:40:00
650,-35.036248447288045,2.578739332416297,3900024,STOP,2004-08-10 05:53:00
651,-35.03785477211745,2.5687423585400695,3900024,STOP,2004-08-10 06:19:30
652,-35.036678365464375,2.557486589932988,3900024,STOP,2004-08-10 06:33:00
653,-35.03540104731641,2.546242757938645,3900024,STOP,2004-08-10 06:46:30
654,-35.03385313918348,2.523506656149303,3900024,STOP,2004-08-10 07:12:45
655,-35.03362744324241,2.512012117513113,3900024,STOP,2004-08-10 07:25:30
656,-35.033225807827165,2.5005199923662755,3900024,STOP,2004-08-10 07:38:15
657,-35.03722449598419,2.4784963887301537,3900024,STOP,2004-08-10 08:00:15
658,-35.04148094472251,2.4680078527283915,3900024,STOP,2004-08-10 08:09:30
659,-35.04564680046514,2.4574591946722815,3900024,STOP,2004-08-10 08:18:45
660,-35.0516784987421,2.440726737738953,3900024,STOP,2004-08-10 08:31:45
661,-35.053443310687285,2.434486873453283,3900024,STOP,2004-08-10 08:35:30
662,-35.05518487409285,2.4282340118268024,3900024,STOP,2004-08-10 08:39:15
663,-35.05872970690399,2.417742131288127,3900024,STOP,2004-08-10 08:47:15
664,-35.06048824789505,2.4135003727533633,3900024,STOP,2004-08-10 08:51:30
665,-35.062223165289865,2.409241796322858,3900024,STOP,2004-08-10 08:55:45
666,-35.067349474848776,2.3760433112990222,3900024,STOP,2004-08-10 09:15:00
667,-35.070767758556634,2.3470892112954385,3900024,STOP,2004-08-10 09:30:00
668,-35.074060570776304,2.318099819947994,3900024,STOP,2004-08-10 09:45:00
669,-35.074001271336435,2.2872543076096026,3900024,STOP,2004-08-10 10:04:15
670,-35.07098814238437,2.2855434939659447,3900024,STOP,2004-08-10 10:08:30
671,-35.06800209760607,2.283759397959434,3900024,STOP,2004-08-10 10:12:45
672,-35.06224919595264,2.2818065951695465,3900024,STOP,2004-08-10 10:21:45
673,-35.05950306388403,2.281520424345783,3900024,STOP,2004-08-10 10:26:30
674,-35.0567551702419,2.281239627185786,3900024,STOP,2004-08-10 10:31:15
675,-35.0467561124573,2.2820015394159623,3900024,STOP,2004-08-10 10:42:00
676,-35.0395102922716,2.2830036359369683,3900024,STOP,2004-08-10 10:48:00
677,-35.03226126194873,2.284003260447567,3900024,STOP,2004-08-10 10:54:00
678,-35.01326268569731,2.2707537106423157,3900024,STOP,2004-08-10 11:15:00
679,-35.00149041076064,2.2565450703673653,3900024,STOP,2004-08-10 11:30:00
680,-34.98985192580165,2.2421640241652856,3900024,STOP,2004-08-10 11:45:00
681,-34.97071191379066,2.214293475344484,3900024,STOP,2004-08-10 12:09:30
682,-34.96356088055049,2.2004760229405873,3900024,STOP,2004-08-10 12:19:00
683,-34.95599330758295,2.1869860349464414,3900024,STOP,2004-08-10 12:28:30
684,-34.94376280587828,2.166743655746778,3900024,STOP,2004-08-10 12:43:30
685,-34.938549800402726,2.1604543259998445,3900024,STOP,2004-08-10 12:49:00
686,-34.93321803201438,2.154310094197209,3900024,STOP,2004-08-10 12:54:30
687,-34.90756014189447,2.1324198241405425,3900024,STOP,2004-08-10 13:15:00
688,-34.88692029453206,2.1172259249844236,3900024,STOP,2004-08-10 13:30:00
689,-34.86657497197704,2.1014333830922958,3900024,STOP,2004-08-10 13:45:00
690,-34.83800675130464,2.08700209323743,3900024,STOP,2004-08-10 14:05:30
691,-34.830011260780424,2.088003521637586,3900024,STOP,2004-08-10 14:11:00
692,-34.82201249163827,2.089005008657626,3900024,STOP,2004-08-10 14:16:30
693,-34.80225558447994,2.0875293382328044,3900024,STOP,2004-08-10 14:31:30
694,-34.79051524857976,2.0850076798615307,3900024,STOP,2004-08-10 14:41:00
695,-34.77873839106621,2.0827151852112245,3900024,STOP,2004-08-10 14:50:30
696,-34.74840287001044,2.073726020292038,3900024,STOP,2004-08-10 15:15:00
697,-34.72993428567155,2.066892326511682,3900024,STOP,2004-08-10 15:30:00
698,-34.71152014355237,2.0598084528724936,3900024,STOP,2004-08-10 15:45:00
699,-34.68356559388788,2.0458892936310193,3900024,STOP,2004-08-10 16:06:00
700,-34.674076565209496,2.038880791429848,3900024,STOP,2004-08-10 16:12:00
701,-34.664501172688475,2.032038066910774,3900024,STOP,2004-08-10 16:18:00
702,-34.63950423447366,2.013521829272668,3900024,STOP,2004-08-10 16:33:00
703,-34.62377687856262,2.0025094252806044,3900024,STOP,2004-08-10 16:42:00
704,-34.60836556101653,1.9908381873021472,3900024,STOP,2004-08-10 16:51:00
705,-34.59166999083073,1.95999626115242,3900024,STOP,2004-08-10 17:13:30
706,-34.590222933058335,1.941000296130399,3900024,STOP,2004-08-10 17:27:00
707,-34.58853743734844,1.9220258281441243,3900024,STOP,2004-08-10 17:40:30
708,-34.62817177695771,1.887847208178498,3900024,STOP,2004-08-10 18:10:30
709,-34.669403795881564,1.8728796711433744,3900024,STOP,2004-08-10 18:27:00
710,-34.710835398990504,1.8586614086379918,3900024,STOP,2004-08-10 18:43:30
711,-34.77590037736009,1.8339431310445653,3900024,STOP,2004-08-10 19:09:30
712,-34.799931993042385,1.8253837224423708,3900024,STOP,2004-08-10 19:19:00
713,-34.82396922853891,1.8167962871944274,3900024,STOP,2004-08-10 19:28:30
714,-34.86276834323058,1.8026289148749381,3900024,STOP,2004-08-10 19:43:30
715,-34.87747158038884,1.7969806922353249,3900024,STOP,2004-08-10 19:49:00
716,-34.89227283915545,1.79169600120951,3900024,STOP,2004-08-10 19:54:30
717,-34.92552947682274,1.7794429608092883,3900024,STOP,2004-08-10 20:07:15
718,-34.94402041171061,1.7727019678399094,3900024,STOP,2004-08-10 20:14:30
719,-34.962478937342645,1.7657947585704934,3900024,STOP,2004-08-10 20:21:45
720,-35.001978479779964,1.757646003862017,3900024,STOP,2004-08-10 20:36:45
721,-35.02297452888178,1.7566006018244849,3900024,STOP,2004-08-10 20:44:30
722,-35.043977553500184,1.7554971245631203,3900024,STOP,2004-08-10 20:52:15
723,-35.072992972940405,1.7541097355170576,3900024,STOP,2004-08-10 21:03:00
724,-35.080988585363585,1.754079798205853,3900024,STOP,2004-08-10 21:06:00
725,-35.0889876778562,1.754102257500951,3900024,STOP,2004-08-10 21:09:00
726,-35.129727696464855,1.753638460111254,3900024,STOP,2004-08-10 21:24:00
727,-35.1624573382001,1.7527378832610951,3900024,STOP,2004-08-10 21:36:00
728,-35.195205640695434,1.752134665846707,3900024,STOP,2004-08-10 21:48:00
729,-35.268718756394534,1.7510862952535324,3900024,STOP,2004-08-10 22:15:00
730,-35.30944820539213,1.7513167163801409,3900024,STOP,2004-08-10 22:30:00
731,-35.35018772618917,1.752242796256212,3900024,STOP,2004-08-10 22:45:00
732,-35.40324001213995,1.7530038536445323,3900024,STOP,2004-08-10 23:04:45
733,-35.41548331699231,1.752968387256898,3900024,STOP,2004-08-10 23:09:30
734,-35.42773109108252,1.752823856277504,3900024,STOP,2004-08-10 23:14:15
735,-35.442248090136346,1.7529773954671615,3900024,STOP,2004-08-10 23:26:15
736,-35.444496865074484,1.7529806985452512,3900024,STOP,2004-08-10 23:33:30
737,-35.44674642410794,1.7530135279753596,3900024,STOP,2004-08-10 23:40:45
738,-35.44999918160746,1.753003050356659,3900024,STOP,2004-08-10 23:51:00
739,-35.450998631087636,1.7530075638844698,3900024,STOP,2004-08-10 23:54:00
740,-35.451998471276916,1.7529991198639236,3900024,STOP,2004-08-10 23:57:00
741,-35.45749383847122,1.7537715109633463,3900024,STOP,2004-08-11 00:15:00
742,-35.461993674874066,1.7545001213457976,3900024,STOP,2004-08-11 00:30:00
743,-35.466492743849244,1.7552532180095277,3900024,STOP,2004-08-11 00:45:00
744,-35.47299712621279,1.756264349867493,3900024,STOP,2004-08-11 01:06:30
745,-35.47499612499804,1.7565131656905164,3900024,STOP,2004-08-11 01:13:00
746,-35.47699645019248,1.756755941343933,3900024,STOP,2004-08-11 01:19:30
747,-35.481495890873475,1.7567207411343513,3900024,STOP,2004-08-11 01:34:30
748,-35.48399307239488,1.7564497762637608,3900024,STOP,2004-08-11 01:43:00
749,-35.48649631684279,1.7562614927553044,3900024,STOP,2004-08-11 01:51:30
750,-35.49349646486271,1.756246110229419,3900024,STOP,2004-08-11 02:15:00
751,-35.49799314474237,1.7565186430281823,3900024,STOP,2004-08-11 02:30:00
752,-35.50249185640171,1.7567866382651895,3900024,STOP,2004-08-11 02:45:00
753,-35.50899874558055,1.757497291216548,3900024,STOP,2004-08-11 03:06:15
754,-35.51099803199259,1.7579947463535472,3900024,STOP,2004-08-11 03:12:30
755,-35.5130018472406,1.7584693380225134,3900024,STOP,2004-08-11 03:18:45
756,-35.51774810928017,1.7592438748870192,3900024,STOP,2004-08-11 03:33:45
757,-35.52049782366559,1.7594727605294684,3900024,STOP,2004-08-11 03:42:30
758,-35.52324578537853,1.7597490681496393,3900024,STOP,2004-08-11 03:51:15
759,-35.530740447985984,1.760801743289089,3900024,STOP,2004-08-11 04:13:30
760,-35.53549892592241,1.7614366252165272,3900024,STOP,2004-08-11 04:27:00
761,-35.54024312796703,1.7622386845246696,3900024,STOP,2004-08-11 04:40:30
762,-35.54874359504975,1.7635361167821284,3900024,STOP,2004-08-11 05:07:00
763,-35.552491167308986,1.7640402099776482,3900024,STOP,2004-08-11 05:20:00
764,-35.55624198065451,1.7645251800153616,3900024,STOP,2004-08-11 05:33:00
765,-35.56149815420513,1.7647446296969616,3900024,STOP,2004-08-11 05:49:30
766,-35.562996177533044,1.7644844594613327,3900024,STOP,2004-08-11 05:53:00
767,-35.56449642291414,1.7642385933152704,3900024,STOP,2004-08-11 05:56:30
768,-35.55828490429276,1.756211827903745,3900024,STOP,2004-08-11 06:15:00
769,-35.5506017400781,1.7483717518286075,3900024,STOP,2004-08-11 06:30:00
770,-35.542779924581495,1.7407344519093833,3900024,STOP,2004-08-11 06:45:00
771,-35.52546849818792,1.726844529999246,3900024,STOP,2004-08-11 07:07:30
772,-35.515969198569735,1.7206075687027007,3900024,STOP,2004-08-11 07:15:00
773,-35.5064891075965,1.7143160385220813,3900024,STOP,2004-08-11 07:22:30
774,-35.49500150470511,1.7084988568883952,3900024,STOP,2004-08-11 07:39:30
775,-35.4930024377266,1.7089976622422156,3900024,STOP,2004-08-11 07:49:00
776,-35.491002966931454,1.7094991345210806,3900024,STOP,2004-08-11 07:58:30
777,-35.48102244303215,1.7066934891324177,3900024,STOP,2004-08-11 08:16:00
778,-35.47299763609101,1.7035552848998574,3900024,STOP,2004-08-11 08:24:00
779,-35.464969525650744,1.700415065125111,3900024,STOP,2004-08-11 08:32:00
780,-35.449761620596504,1.6961714992262893,3900024,STOP,2004-08-11 08:45:00
781,-35.44251526189241,1.6954262495240915,3900024,STOP,2004-08-11 08:50:00
782,-35.43527313007769,1.6945811131743502,3900024,STOP,2004-08-11 08:55:00
783,-35.40701356769417,1.6931197809575917,3900024,STOP,2004-08-11 09:14:00
784,-35.386024590171786,1.6921327059651012,3900024,STOP,2004-08-11 09:28:00
785,-35.365026815171795,1.6911518388924764,3900024,STOP,2004-08-11 09:42:00
786,-35.33676690969904,1.6891049572034977,3900024,STOP,2004-08-11 10:00:45
787,-35.3295126970905,1.6884850565445042,3900024,STOP,2004-08-11 10:05:30
788,-35.32226719385716,1.6876740238023498,3900024,STOP,2004-08-11 10:10:15
789,-35.30002041490727,1.6858305935420015,3900024,STOP,2004-08-11 10:26:15
790,-35.28504277733191,1.684550599667207,3900024,STOP,2004-08-11 10:37:30
791,-35.27003285096752,1.6838698320417271,3900024,STOP,2004-08-11 10:48:45
792,-35.23401713303856,1.6835005859637444,3900024,STOP,2004-08-11 11:15:00
793,-35.213028559045966,1.684000869607829,3900024,STOP,2004-08-11 11:30:00
794,-35.192031409433234,1.6844999616259573,3900024,STOP,2004-08-11 11:45:00
795,-35.164755248807154,1.6874989185464102,3900024,STOP,2004-08-11 12:04:30
796,-35.15850604775884,1.6899879745761166,3900024,STOP,2004-08-11 12:09:00
797,-35.15225727710897,1.6924889708524486,3900024,STOP,2004-08-11 12:13:30
798,-35.13150973363769,1.7012398800425723,3900024,STOP,2004-08-11 12:28:30
799,-35.11701907862276,1.707492471948281,3900024,STOP,2004-08-11 12:39:00
800,-35.10252538717077,1.7137561627129747,3900024,STOP,2004-08-11 12:49:30
801,-35.063022915446446,1.7300074118688602,3900024,STOP,2004-08-11 13:16:15
802,-35.03803677953581,1.740005530912,3900024,STOP,2004-08-11 13:32:30
803,-35.013030072927194,1.7499650907484654,3900024,STOP,2004-08-11 13:48:45
804,-34.968012042372116,1.7664783036438638,3900024,STOP,2004-08-11 14:18:45
805,-34.94802681173864,1.7729939052323753,3900024,STOP,2004-08-11 14:32:30
806,-34.92803031401214,1.7794959421637098,3900024,STOP,2004-08-11 14:46:15
807,-34.8845141817268,1.7846211375346097,3900024,STOP,2004-08-11 15:15:00
808,-34.86105517082243,1.782567644370369,3900024,STOP,2004-08-11 15:30:00
809,-34.83753132981364,1.7818790589005262,3900025,MOVE,2004-08-11 15:45:00
810,-34.80849695621498,1.7762689822197948,3900025,MOVE,2004-08-11 16:03:00
811,-34.8029529607728,1.7726249118956672,3900025,MOVE,2004-08-11 16:06:00
812,-34.79742309941033,1.7689425696976968,3900025,MOVE,2004-08-11 16:09:00
813,-34.76941723872002,1.7504073437236232,3900025,MOVE,2004-08-11 16:24:00
814,-34.74658591844747,1.7363856529390824,3900025,MOVE,2004-08-11 16:36:00
815,-34.72395536747978,1.7218638645302564,3900026,STOP,2004-08-11 16:48:00
816,-34.7096681716222,1.6979144230635714,3900026,STOP,2004-08-11 17:12:45
817,-34.71842405896916,1.6879345535984067,3900026,STOP,2004-08-11 17:25:30
818,-34.727184829385145,1.6779507102600792,3900026,STOP,2004-08-11 17:38:15
819,-34.78321313658524,1.667869724250359,3900026,STOP,2004-08-11 18:08:15
820,-34.830435574901635,1.6671547746782571,3900026,STOP,2004-08-11 18:25:30
821,-34.87768152266933,1.6671349815924885,3900026,STOP,2004-08-11 18:42:45
822,-34.93574266334072,1.6655485250284148,3900026,STOP,2004-08-11 19:04:00
823,-34.94648806171732,1.6650903747111323,3900026,STOP,2004-08-11 19:08:00
824,-34.9572372232949,1.6646108955175545,3900026,STOP,2004-08-11 19:12:00
825,-34.99797165606785,1.6628408179548708,3900026,STOP,2004-08-11 19:27:00
826,-35.02795257381623,1.6617246501844372,3900026,STOP,2004-08-11 19:38:00
827,-35.05794567296094,1.6606056826921083,3900026,STOP,2004-08-11 19:49:00
828,-35.12547365752805,1.6586701175225649,3900026,STOP,2004-08-11 20:13:45
829,-35.16296677177026,1.6578144526601553,3900026,STOP,2004-08-11 20:27:30
830,-35.20046331127704,1.6563580591085194,3900026,STOP,2004-08-11 20:41:15
831,-35.257479464929446,1.653087937413112,3900026,STOP,2004-08-11 21:02:15
832,-35.276962933085976,1.6521349388943405,3900026,STOP,2004-08-11 21:09:30
833,-35.29645850259704,1.6513184775681164,3900026,STOP,2004-08-11 21:16:45
834,-35.336987401066565,1.643529064858732,3900026,STOP,2004-08-11 21:33:00
835,-35.35795571958296,1.6359500183135163,3900026,STOP,2004-08-11 21:42:00
836,-35.37900387978862,1.6286682379546098,3900026,STOP,2004-08-11 21:51:00
837,-35.42486439565522,1.5876678263166681,3900026,STOP,2004-08-11 22:16:45
838,-35.44979986903775,1.5543869952173899,3900026,STOP,2004-08-11 22:33:30
839,-35.474799588073985,1.5211408114908664,3900026,STOP,2004-08-11 22:50:15
840,-35.50524585941494,1.4875026922345764,3900026,STOP,2004-08-11 23:20:15
841,-35.51048956609211,1.4869512071875377,3900026,STOP,2004-08-11 23:33:30
842,-35.51573835514121,1.4864427525302826,3900026,STOP,2004-08-11 23:46:45
843,-35.52699331180576,1.4852293346699692,3900026,STOP,2004-08-12 00:15:00
844,-35.5329919840077,1.4845035388569967,3900026,STOP,2004-08-12 00:30:00
845,-35.538988434511865,1.48372099499749,3900026,STOP,2004-08-12 00:45:00
846,-35.55100452936501,1.4820904339915417,3900026,STOP,2004-08-12 01:15:00
847,-35.55699676590821,1.4810510573686901,3900026,STOP,2004-08-12 01:30:00
848,-35.56297999512341,1.479914014387999,3900026,STOP,2004-08-12 01:45:00
849,-35.57525101813335,1.4777983341827776,3900026,STOP,2004-08-12 02:15:00
850,-35.58148684081205,1.4764701859277263,3900026,STOP,2004-08-12 02:30:00
851,-35.58773376881947,1.475202040758676,3900026,STOP,2004-08-12 02:45:00
852,-35.59499932932312,1.4735008578117976,3900026,STOP,2004-08-12 03:03:00
853,-35.59599899765781,1.4730017769076413,3900026,STOP,2004-08-12 03:06:00
854,-35.59699915584133,1.4725027342323749,3900026,STOP,2004-08-12 03:09:00
855,-35.60249095252328,1.471431978574063,3900026,STOP,2004-08-12 03:24:00
856,-35.60699096078914,1.4709669078041236,3900026,STOP,2004-08-12 03:36:00
857,-35.61149240929572,1.4704930412325155,3900026,STOP,2004-08-12 03:48:00
858,-35.62075200876178,1.4693094057997904,3900026,STOP,2004-08-12 04:11:30
859,-35.625504163633266,1.4686067527237907,3900026,STOP,2004-08-12 04:23:00
860,-35.63024198446248,1.467753530104074,3900026,STOP,2004-08-12 04:34:30
861,-35.63599914774395,1.4670105732136018,3900026,STOP,2004-08-12 04:49:30
862,-35.63699860393755,1.4670101845366947,3900026,STOP,2004-08-12 04:53:00
863,-35.63799846522587,1.4670040802348576,3900026,STOP,2004-08-12 04:56:30
864,-35.643995882109735,1.4669749809838717,3900026,STOP,2004-08-12 05:15:00
865,-35.64899308745581,1.467008866522134,3900026,STOP,2004-08-12 05:30:00
866,-35.653992462530894,1.4670118000144212,3900026,STOP,2004-08-12 05:45:00
867,-35.65275294349241,1.465767231963087,3900026,STOP,2004-08-12 06:07:30
868,-35.646501610334134,1.4645542019530566,3900026,STOP,2004-08-12 06:15:00
869,-35.64027883732657,1.4631188599892329,3900026,STOP,2004-08-12 06:22:30
870,-35.62325183330898,1.4605780090897895,3900026,STOP,2004-08-12 06:36:00
871,-35.61249511631411,1.459221806522984,3900026,STOP,2004-08-12 06:42:00
872,-35.601760764516065,1.4575752154286212,3900026,STOP,2004-08-12 06:48:00
873,-35.58250026907755,1.455719763618282,3900026,STOP,2004-08-12 07:07:00
874,-35.5740047396691,1.455223889920481,3900026,STOP,2004-08-12 07:20:00
875,-35.56549980853316,1.4548998163716902,3900026,STOP,2004-08-12 07:33:00
876,-35.55625061147695,1.454,3900026,STOP,2004-08-12 07:49:30
877,-35.55550101929443,1.454,3900026,STOP,2004-08-12 07:53:00
878,-35.55475112153969,1.454,3900026,STOP,2004-08-12 07:56:30
879,-35.54875132157415,1.4597419808159722,3900026,STOP,2004-08-12 08:10:30
880,-35.543504711626625,1.465489906158264,3900026,STOP,2004-08-12 08:21:00
881,-35.53825728248816,1.47124152447757,3900026,STOP,2004-08-12 08:31:30
882,-35.53200746647478,1.480500092382673,3900026,STOP,2004-08-12 08:46:30
883,-35.53100332348165,1.4839961986462331,3900026,STOP,2004-08-12 08:51:00
884,-35.52999687706912,1.4874928607366176,3900026,STOP,2004-08-12 08:55:30
885,-35.5258046841187,1.500519646250796,3900026,STOP,2004-08-12 09:07:15
886,-35.52253950376573,1.5100060281970824,3900026,STOP,2004-08-12 09:14:30
887,-35.51926557574793,1.519492044479668,3900026,STOP,2004-08-12 09:21:45
888,-35.506507251236854,1.5384937544822102,3900026,STOP,2004-08-12 09:37:15
889,-35.49701548987849,1.5479941601798135,3900026,STOP,2004-08-12 09:45:30
890,-35.48751615835769,1.55749145427335,3900026,STOP,2004-08-12 09:53:45
891,-35.460516105927994,1.5649766647618926,3900026,STOP,2004-08-12 10:16:30
892,-35.44304197271541,1.5627723889054206,3900026,STOP,2004-08-12 10:31:00
893,-35.42553551226589,1.5608909423925976,3900026,STOP,2004-08-12 10:45:30
894,-35.38529346517778,1.5566120505168233,3900026,STOP,2004-08-12 11:13:45
895,-35.36253646016509,1.5549776726330906,3900026,STOP,2004-08-12 11:27:30
896,-35.33976508644242,1.5534075721656844,3900026,STOP,2004-08-12 11:41:15
897,-35.29503246686505,1.5489950127163004,3900026,STOP,2004-08-12 12:11:15
898,-35.27305361612387,1.5470801264287894,3900026,STOP,2004-08-12 12:27:30
899,-35.25107399305136,1.5450284472218285,3900026,STOP,2004-08-12 12:43:45
900,-35.21251345862862,1.5442505036187546,3900026,STOP,2004-08-12 13:10:45
901,-35.19602243313219,1.5445006588597225,3900026,STOP,2004-08-12 13:21:30
902,-35.17952467830719,1.5447501861487107,3900026,STOP,2004-08-12 13:32:15
903,-35.156755092392785,1.5452497130289564,3900026,STOP,2004-08-12 13:47:15
904,-35.15050848143126,1.5454992397941083,3900026,STOP,2004-08-12 13:51:30
905,-35.1442593467181,1.545749692535753,3900026,STOP,2004-08-12 13:55:45
906,-35.11327091976629,1.5502555582074886,3900026,STOP,2004-08-12 14:15:00
907,-35.0885352151974,1.554511601374769,3900026,STOP,2004-08-12 14:30:00
908,-35.06378832796093,1.558758210115936,3900026,STOP,2004-08-12 14:45:00
909,-35.01901659553734,1.568000093150905,3900026,STOP,2004-08-12 15:15:00
910,-34.99902702659356,1.5729957440853415,3900026,STOP,2004-08-12 15:30:00
911,-34.97903021250416,1.5779972927407855,3900026,STOP,2004-08-12 15:45:00
912,-34.93327464291676,1.5652454660677788,3900026,STOP,2004-08-12 16:15:00
913,-34.907554722077,1.5474658310221125,3900026,STOP,2004-08-12 16:30:00
914,-34.88172122869553,1.529909582771801,3900026,STOP,2004-08-12 16:45:00
915,-34.83950650039181,1.5010611231454953,3900026,STOP,2004-08-12 17:09:45
916,-34.82356825756139,1.4889524509129304,3900026,STOP,2004-08-12 17:19:30
917,-34.80731020364964,1.4774565335365497,3900026,STOP,2004-08-12 17:29:15
918,-34.78208892012992,1.4580264666444265,3900026,STOP,2004-08-12 17:45:00
919,-34.7734031907341,1.449687512274305,3900026,STOP,2004-08-12 17:51:00
920,-34.764601299542164,1.4415199171678679,3900026,STOP,2004-08-12 17:57:00
921,-34.735049355112785,1.4124575080842754,3900026,STOP,2004-08-12 18:17:15
922,-34.71392176952961,1.3921769150151704,3900026,STOP,2004-08-12 18:31:30
923,-34.692945830053176,1.3716491304565492,3900026,STOP,2004-08-12 18:45:45
924,-34.65965975089776,1.338288594745933,3900026,STOP,2004-08-12 19:09:00
925,-34.647290280324015,1.3256131605408166,3900026,STOP,2004-08-12 19:18:00
926,-34.63457271519428,1.3134468395432028,3900026,STOP,2004-08-12 19:27:00
927,-34.61353358747951,1.2922172546466029,3900026,STOP,2004-08-12 19:42:00
928,-34.60509871844395,1.2833852216240609,3900026,STOP,2004-08-12 19:48:00
929,-34.59653134865758,1.274735947598497,3900026,STOP,2004-08-12 19:54:00
930,-34.57643347227431,1.2538625145240914,3900026,STOP,2004-08-12 20:08:15
931,-34.56494167043505,1.2416150791551055,3900026,STOP,2004-08-12 20:16:30
932,-34.5535201973682,1.2292615117485715,3900026,STOP,2004-08-12 20:24:45
933,-34.53270988487908,1.2073228087236687,3900026,STOP,2004-08-12 20:39:45
934,-34.52357602694622,1.1974240340041051,3900026,STOP,2004-08-12 20:46:30
935,-34.514233102866974,1.1878079099725956,3900026,STOP,2004-08-12 20:53:15
936,-34.49951588288304,1.172237915854826,3900026,STOP,2004-08-12 21:04:00
937,-34.49399304393309,1.1665273019375302,3900026,STOP,2004-08-12 21:08:00
938,-34.48855174511047,1.1606975313618093,3900026,STOP,2004-08-12 21:12:00
939,-34.46717327969261,1.1373754184680451,3900026,STOP,2004-08-12 21:27:45
940,-34.45163572330819,1.1193698509963386,3900026,STOP,2004-08-12 21:39:30
941,-34.43602553357932,1.1014437485556046,3900026,STOP,2004-08-12 21:51:15
942,-34.40289548732444,1.06466069872348,3900026,STOP,2004-08-12 22:16:00
943,-34.38573132933479,1.0453924719231045,3900026,STOP,2004-08-12 22:29:00
944,-34.368711058159334,1.025925728537977,3900026,STOP,2004-08-12 22:42:00
